{
	"presets": [
		{
			"name": "Light",
			"appearance": "light",
			"colors": {
				"background": "#ffffff",
				"foreground": "#374151",
				"accent": "#6366f1",
				"heading": "#111827",
				"link": "#6366f1",
				"codeBackground": "#f3f4f6"
			},
			"fonts": {
				"title": "Inter",
				"body": "Inter"
			}
		},
		{
			"name": "Dark",
			"appearance": "dark",
			"colors": {
				"background": "#0f172a",
				"foreground": "#e2e8f0",
				"accent": "#818cf8",
				"heading": "#f1f5f9",
				"link": "#818cf8",
				"codeBackground": "#1e293b"
			},
			"fonts": {
				"title": "Inter",
				"body": "Inter"
			}
		}
	]
}
