{
	"presets": [
		{
			"name": "Terminal Light",
			"appearance": "light",
			"colors": {
				"background": "#f8f9fa",
				"foreground": "#212529",
				"accent": "#0066cc",
				"heading": "#343a40",
				"link": "#0066cc",
				"codeBackground": "#e9ecef"
			},
			"fonts": {
				"title": "Space Mono",
				"body": "JetBrains Mono"
			}
		},
		{
			"name": "Terminal Dark",
			"appearance": "dark",
			"colors": {
				"background": "#0d1117",
				"foreground": "#c9d1d9",
				"accent": "#58a6ff",
				"heading": "#e6edf3",
				"link": "#58a6ff",
				"codeBackground": "#161b22"
			},
			"fonts": {
				"title": "Space Mono",
				"body": "JetBrains Mono"
			}
		}
	]
}
