{
	"presets": [
		{
			"name": "Champagne",
			"appearance": "light",
			"colors": {
				"background": "#fdfcf8",
				"foreground": "#2c2520",
				"accent": "#c9a962",
				"heading": "#1a1512",
				"link": "#c9a962",
				"codeBackground": "#f7f5f0"
			},
			"fonts": {
				"title": "Cormorant Garamond",
				"body": "Montserrat"
			}
		},
		{
			"name": "Midnight",
			"appearance": "dark",
			"colors": {
				"background": "#1a1814",
				"foreground": "#e8e4dd",
				"accent": "#d4b896",
				"heading": "#f7f5f0",
				"link": "#d4b896",
				"codeBackground": "#24211e"
			},
			"fonts": {
				"title": "Cormorant Garamond",
				"body": "Montserrat"
			}
		}
	]
}
