{
	"presets": [
		{
			"name": "Paper",
			"appearance": "light",
			"colors": {
				"background": "#faf8f5",
				"foreground": "#2c2520",
				"accent": "#8b4513",
				"heading": "#1a1512",
				"link": "#8b4513",
				"codeBackground": "#f0ede8"
			},
			"fonts": {
				"title": "Playfair Display",
				"body": "Crimson Pro"
			}
		},
		{
			"name": "Ink",
			"appearance": "dark",
			"colors": {
				"background": "#1a1512",
				"foreground": "#f0ede8",
				"accent": "#d4a574",
				"heading": "#faf8f5",
				"link": "#d4a574",
				"codeBackground": "#2c2520"
			},
			"fonts": {
				"title": "Playfair Display",
				"body": "Crimson Pro"
			}
		}
	]
}
