{
	"presets": [
		{
			"name": "Sunny",
			"appearance": "light",
			"colors": {
				"background": "#fffbeb",
				"foreground": "#451a03",
				"accent": "#f59e0b",
				"heading": "#78350f",
				"link": "#f59e0b",
				"codeBackground": "#fef3c7",
				"accents": [
					"#f59e0b",
					"#fbbf24",
					"#fcd34d",
					"#fde68a",
					"#fed7aa",
					"#fecaca"
				]
			},
			"fonts": {
				"title": "Fredoka",
				"body": "Quicksand"
			}
		},
		{
			"name": "Night",
			"appearance": "dark",
			"colors": {
				"background": "#1e1b4b",
				"foreground": "#e0e7ff",
				"accent": "#818cf8",
				"heading": "#c7d2fe",
				"link": "#a5b4fc",
				"codeBackground": "#312e81",
				"accents": [
					"#818cf8",
					"#a5b4fc",
					"#c4b5fd",
					"#e9d5ff",
					"#f0abfc",
					"#f9a8d4"
				]
			},
			"fonts": {
				"title": "Fredoka",
				"body": "Quicksand"
			}
		}
	]
}
